"Symbol","Description","Category2","Category3","GICS Sector","Market cap","Dividend yield","Price to TTM earnings","Price to TTM sales","Price to book value","Action"
"AAPL","Apple Inc","Common stocks","Large cap","Information Technology","$1,988,832,912,360","0.73%","0.00","0.00","0.00","Analyze"
"MSFT","Microsoft Corp","Common stocks","Large cap","Information Technology","$1,657,655,067,218","1.14%","0.00","0.00","0.00","Analyze"
"GOOG","Alphabet Inc Class C","Common stocks","Large cap","Communication Services","$1,042,954,820,000","0.00%","0.00","0.00","0.00","Analyze"
"GOOGL","Alphabet Inc Class A","Common stocks","Large cap","Communication Services","$1,042,954,820,000","0.00%","0.00","0.00","0.00","Analyze"
"AMZN","Amazon.Com Inc.","Common stocks","Large cap","Consumer Discretionary","$847,961,495,109","0.00%","0.00","0.00","0.00","Analyze"
"BRK.B","Berkshire Hathaway Inc. Class B","Common stocks","Large cap","Financials","$690,082,573,833","0.00%","0.00","0.00","0.00","Analyze"
"JNJ","Johnson & Johnson","Common stocks","Large cap","Health Care","$467,469,668,932","2.47%","0.00","0.00","0.00","Analyze"
"UNH","Unitedhealth Group Inc","Common stocks","Large cap","Health Care","$457,793,671,807","1.30%","0.00","0.00","0.00","Analyze"
"XOM","Exxon Mobil Corp","Common stocks","Large cap","Energy","$455,194,971,823","3.17%","0.00","0.00","0.00","Analyze"
"V","Visa Inc Class A","Common stocks","Large cap","Information Technology","$399,085,420,506","0.74%","0.00","0.00","0.00","Analyze"
"JPM","JP Morgan Chase & Co","Common stocks","Large cap","Financials","$397,009,281,591","2.93%","0.00","0.00","0.00","Analyze"
"WMT","Walmart Stores Inc","Common stocks","Large cap","Consumer Staples","$395,836,311,926","1.52%","0.00","0.00","0.00","Analyze"
"PG","Procter & Gamble","Common stocks","Large cap","Consumer Staples","$358,635,990,019","2.38%","0.00","0.00","0.00","Analyze"
"NVDA","Nvidia Corp","Common stocks","Large cap","Information Technology","$355,198,500,000","0.11%","0.00","0.00","0.00","Analyze"
"TSLA","Tesla Inc","Common stocks","Large cap","Consumer Discretionary","$345,747,084,765","0.00%","0.00","0.00","0.00","Analyze"
"META","Meta Platforms, Inc.","Common stocks","Large cap","Communication Services","$341,468,600,000","0.00%","0.00","0.00","0.00","Analyze"
"LLY","Eli Lilly","Common stocks","Large cap","Health Care","$341,037,851,868","1.09%","0.00","0.00","0.00","Analyze"
"CVX","Chevron Corp","Common stocks","Large cap","Energy","$338,850,818,801","3.20%","0.00","0.00","0.00","Analyze"
"MA","Mastercard Inc Class A","Common stocks","Large cap","Information Technology","$334,975,627,999","0.42%","0.00","0.00","0.00","Analyze"
"HD","Home Depot Inc","Common stocks","Large cap","Consumer Discretionary","$322,954,980,973","2.39%","0.00","0.00","0.00","Analyze"
"ABBV","Abbvie Inc","Common stocks","Large cap","Health Care","$289,128,878,253","3.40%","0.00","0.00","0.00","Analyze"
"MRK","Merck & Co Inc","Common stocks","Large cap","Health Care","$288,122,398,485","2.44%","0.00","0.00","0.00","Analyze"
"PFE","Pfizer Inc","Common stocks","Large cap","Health Care","$278,757,199,907","3.18%","0.00","0.00","0.00","Analyze"
"BAC","Bank of America Corp","Common stocks","Large cap","Financials","$273,324,266,383","2.50%","0.00","0.00","0.00","Analyze"
"KO","Coca-Cola","Common stocks","Large cap","Consumer Staples","$268,984,725,021","2.80%","0.00","0.00","0.00","Analyze"
"PEP","Pepsico Inc","Common stocks","Large cap","Consumer Staples","$243,992,300,914","2.53%","0.00","0.00","0.00","Analyze"
"AVGO","Broadcom Inc.","Common stocks","Large cap","Information Technology","$231,935,165,423","3.01%","0.00","0.00","0.00","Analyze"
"ORCL","Oracle Corp","Common stocks","Large cap","Information Technology","$227,321,090,430","1.13%","0.00","0.00","0.00","Analyze"
"TMO","Thermo Fisher Scientific Inc","Common stocks","Large cap","Health Care","$218,429,393,516","0.22%","0.00","0.00","0.00","Analyze"
"COST","Costco Wholesale Corp","Common stocks","Large cap","Consumer Staples","$199,762,374,717","0.77%","0.00","0.00","0.00","Analyze"
"ABT","Abbott Laboratories","Common stocks","Large cap","Health Care","$193,187,974,492","1.69%","0.00","0.00","0.00","Analyze"
"CSCO","Cisco Systems Inc","Common stocks","Large cap","Information Technology","$192,622,614,549","3.21%","0.00","0.00","0.00","Analyze"
"MCD","Mcdonalds Corp","Common stocks","Large cap","Consumer Discretionary","$192,012,247,527","2.14%","0.00","0.00","0.00","Analyze"
"NKE","Nike Inc Class B","Common stocks","Large cap","Consumer Discretionary","$188,167,200,000","1.04%","0.00","0.00","0.00","Analyze"
"DHR","Danaher Corp","Common stocks","Large cap","Health Care","$185,797,920,431","0.39%","0.00","0.00","0.00","Analyze"
"TMUS","T Mobile US Inc","Common stocks","Large cap","Communication Services","$179,755,389,280","0.00%","0.00","0.00","0.00","Analyze"
"VZ","Verizon Communications Inc","Common stocks","Large cap","Communication Services","$177,190,298,089","4.51%","0.00","0.00","0.00","Analyze"
"ACN","Accenture Plc Class A","Common stocks","Large cap","Information Technology","$173,143,011,149","1.52%","0.00","0.00","0.00","Analyze"
"DIS","Walt Disney","Common stocks","Large cap","Communication Services","$167,624,575,537","0.00%","0.00","0.00","0.00","Analyze"
"NEE","Nextera Energy Inc","Common stocks","Large cap","Utilities","$164,199,332,565","2.04%","0.00","0.00","0.00","Analyze"
"WFC","Wells Fargo","Common stocks","Large cap","Financials","$163,089,010,434","2.55%","0.00","0.00","0.00","Analyze"
"CMCSA","Comcast A Corp","Common stocks","Large cap","Communication Services","$159,530,400,517","2.91%","0.00","0.00","0.00","Analyze"
"PM","Philip Morris International Inc","Common stocks","Large cap","Consumer Staples","$156,291,396,390","4.90%","0.00","0.00","0.00","Analyze"
"BMY","Bristol Myers Squibb","Common stocks","Large cap","Health Care","$152,913,452,156","3.01%","0.00","0.00","0.00","Analyze"
"ADBE","Adobe Inc","Common stocks","Large cap","Information Technology","$152,691,756,000","0.00%","0.00","0.00","0.00","Analyze"
"TXN","Texas Instrument Inc","Common stocks","Large cap","Information Technology","$151,500,945,884","2.78%","0.00","0.00","0.00","Analyze"
"SCHW","Charles Schwab Corporation","Common stocks","Large cap","Financials","$150,914,934,215","1.00%","0.00","0.00","0.00","Analyze"
"LIN","Linde Plc","Common stocks","Large cap","Materials","$150,472,380,157","1.52%","0.00","0.00","0.00","Analyze"
"UPS","United Parcel Service Inc Class B","Common stocks","Large cap","Industrials","$150,357,372,587","3.42%","0.00","0.00","0.00","Analyze"
"RTX","Raytheon Technologies Corporation","Common stocks","Large cap","Industrials","$148,299,730,982","2.12%","0.00","0.00","0.00","Analyze"
"COP","ConocoPhillips","Common stocks","Large cap","Energy","$145,503,718,377","4.19%","0.00","0.00","0.00","Analyze"
"MS","Morgan Stanley","Common stocks","Large cap","Financials","$145,214,201,280","3.39%","0.00","0.00","0.00","Analyze"
"AMGN","Amgen Inc","Common stocks","Large cap","Health Care","$142,390,946,913","2.88%","0.00","0.00","0.00","Analyze"
"HON","Honeywell International Inc","Common stocks","Large cap","Industrials","$137,469,726,777","1.92%","0.00","0.00","0.00","Analyze"
"T","AT&T Inc.","Common stocks","Large cap","Communication Services","$136,967,300,000","6.23%","0.00","0.00","0.00","Analyze"
"NFLX","Netflix Inc","Common stocks","Large cap","Communication Services","$136,823,913,978","0.00%","0.00","0.00","0.00","Analyze"
"CRM","Salesforce.Com Inc","Common stocks","Large cap","Information Technology","$136,340,000,000","0.00%","0.00","0.00","0.00","Analyze"
"IBM","International Business Machines Co","Common stocks","Large cap","Information Technology","$127,581,271,083","4.59%","0.00","0.00","0.00","Analyze"
"CAT","Caterpillar Inc","Common stocks","Large cap","Industrials","$125,043,959,819","1.90%","0.00","0.00","0.00","Analyze"
"LMT","Lockheed Martin Corp","Common stocks","Large cap","Industrials","$125,027,625,528","2.37%","0.00","0.00","0.00","Analyze"
"UNP","Union Pacific Corp","Common stocks","Large cap","Industrials","$124,853,746,464","2.48%","0.00","0.00","0.00","Analyze"
"LOW","Lowes Companies Inc","Common stocks","Large cap","Consumer Discretionary","$124,618,052,837","1.83%","0.00","0.00","0.00","Analyze"
"DE","Deere & Company","Common stocks","Large cap","Industrials","$123,687,937,596","1.08%","0.00","0.00","0.00","Analyze"
"QCOM","Qualcomm Inc","Common stocks","Large cap","Information Technology","$122,637,400,000","2.66%","0.00","0.00","0.00","Analyze"
"BA","Boeing","Common stocks","Large cap","Industrials","$121,725,351,533","0.00%","0.00","0.00","0.00","Analyze"
"SBUX","Starbucks Corp","Common stocks","Large cap","Consumer Discretionary","$119,864,754,000","1.89%","0.00","0.00","0.00","Analyze"
"CVS","CVS Health Corp","Common stocks","Large cap","Health Care","$118,848,307,190","2.41%","0.00","0.00","0.00","Analyze"
"GS","Goldman Sachs Group Inc","Common stocks","Large cap","Financials","$116,409,025,971","2.60%","0.00","0.00","0.00","Analyze"
"INTC","Intel Corporation Corp","Common stocks","Large cap","Information Technology","$113,740,120,000","5.21%","0.00","0.00","0.00","Analyze"
"ELV","Elevance Health, Inc.","Common stocks","Large cap","Health Care","$113,520,328,262","1.08%","0.00","0.00","0.00","Analyze"
"SPGI","S&P Global Inc","Common stocks","Large cap","Financials","$111,914,640,000","0.99%","0.00","0.00","0.00","Analyze"
"AXP","American Express","Common stocks","Large cap","Financials","$109,417,283,675","1.41%","0.00","0.00","0.00","Analyze"
"GILD","Gilead Sciences Inc","Common stocks","Large cap","Health Care","$107,676,834,093","3.35%","0.00","0.00","0.00","Analyze"
"MDT","Medtronic Plc","Common stocks","Large cap","Health Care","$106,454,303,639","3.30%","0.00","0.00","0.00","Analyze"
"INTU","Intuit Inc","Common stocks","Large cap","Information Technology","$105,521,179,967","0.75%","0.00","0.00","0.00","Analyze"
"BLK","Blackrock Inc","Common stocks","Large cap","Financials","$105,323,146,415","2.76%","0.00","0.00","0.00","Analyze"
"PLD","Prologis, Inc","REITs","Large cap","Real Estate","$104,169,417,414","2.77%","0.00","0.00","0.00","Analyze"
"AMD","Advanced Micro Devices Inc","Common stocks","Large cap","Information Technology","$100,498,159,577","0.00%","0.00","0.00","0.00","Analyze"
"AMT","American Tower Corporation","REITs","Large cap","Real Estate","$98,768,916,564","2.75%","0.00","0.00","0.00","Analyze"
"ADP","Automatic Data Processing Inc","Common stocks","Large cap","Information Technology","$96,916,211,671","1.86%","0.00","0.00","0.00","Analyze"
"ISRG","Intuitive Surgical Inc","Common stocks","Large cap","Health Care","$94,926,163,193","0.00%","0.00","0.00","0.00","Analyze"
"SYK","Stryker Corp","Common stocks","Large cap","Health Care","$94,539,364,863","1.13%","0.00","0.00","0.00","Analyze"
"EL","Estee Lauder Inc Class A","Common stocks","Large cap","Consumer Staples","$93,211,573,000","0.94%","0.00","0.00","0.00","Analyze"
"TJX","TJX Companies, Inc.","Common stocks","Large cap","Consumer Discretionary","$93,191,409,617","1.41%","0.00","0.00","0.00","Analyze"
"CI","Cigna Corp","Common stocks","Large cap","Health Care","$93,002,747,627","1.47%","0.00","0.00","0.00","Analyze"
"CB","Chubb Ltd","Common stocks","Large cap","Financials","$92,788,639,255","1.46%","0.00","0.00","0.00","Analyze"
"C","Citigroup Inc","Common stocks","Large cap","Financials","$90,547,871,392","4.29%","0.00","0.00","0.00","Analyze"
"MDLZ","Mondelez International Inc","Common stocks","Large cap","Consumer Staples","$90,390,289,045","2.20%","0.00","0.00","0.00","Analyze"
"PYPL","Paypal Holdings Inc","Common stocks","Large cap","Information Technology","$86,949,915,120","0.00%","0.00","0.00","0.00","Analyze"
"BKNG","Booking Holdings Inc","Common stocks","Large cap","Consumer Discretionary","$83,200,909,897","0.00%","0.00","0.00","0.00","Analyze"
"AMAT","Applied Material Inc","Common stocks","Large cap","Information Technology","$82,658,161,578","1.04%","0.00","0.00","0.00","Analyze"
"MMC","Marsh & McLennan Inc","Common stocks","Large cap","Financials","$82,407,019,327","1.35%","0.00","0.00","0.00","Analyze"
"NOC","Northrop Grumman Corp","Common stocks","Large cap","Industrials","$81,345,652,689","1.28%","0.00","0.00","0.00","Analyze"
"ADI","Analog Devices Inc","Common stocks","Large cap","Information Technology","$81,329,468,818","1.89%","0.00","0.00","0.00","Analyze"
"MO","Altria Group Inc","Common stocks","Large cap","Consumer Staples","$81,310,871,679","7.87%","0.00","0.00","0.00","Analyze"
"DUK","Duke Energy Corp","Common stocks","Large cap","Utilities","$79,516,681,837","3.80%","0.00","0.00","0.00","Analyze"
"GE","General Electric","Common stocks","Large cap","Industrials","$77,896,311,701","0.35%","0.00","0.00","0.00","Analyze"
"REGN","Regeneron Pharmaceuticals Inc","Common stocks","Large cap","Health Care","$77,502,963,127","0.00%","0.00","0.00","0.00","Analyze"
"PGR","Progressive Corp","Common stocks","Large cap","Financials","$76,954,219,219","0.30%","0.00","0.00","0.00","Analyze"
"SO","Southern Co","Common stocks","Large cap","Utilities","$76,620,793,635","3.78%","0.00","0.00","0.00","Analyze"
"SLB","Schlumberger Nv","Common stocks","Large cap","Energy","$74,685,732,129","1.23%","0.00","0.00","0.00","Analyze"
"VRTX","Vertex Pharmaceuticals Inc","Common stocks","Large cap","Health Care","$74,494,426,285","0.00%","0.00","0.00","0.00","Analyze"
"NOW","Servicenow Inc","Common stocks","Large cap","Information Technology","$73,996,640,000","0.00%","0.00","0.00","0.00","Analyze"
"EOG","EOG Resources Inc","Common stocks","Large cap","Energy","$73,059,505,512","2.32%","0.00","0.00","0.00","Analyze"
"BDX","Becton Dickinson","Common stocks","Large cap","Health Care","$72,576,456,442","1.36%","0.00","0.00","0.00","Analyze"
"TGT","Target Corp","Common stocks","Large cap","Consumer Discretionary","$71,000,113,304","2.53%","0.00","0.00","0.00","Analyze"
"HCA","HCA Healthcare, Inc.","Common stocks","Large cap","Health Care","$70,763,990,010","0.89%","0.00","0.00","0.00","Analyze"
"ZTS","Zoetis Inc","Common stocks","Large cap","Health Care","$68,810,869,342","0.88%","0.00","0.00","0.00","Analyze"
"MMM","3M","Common stocks","Large cap","Industrials","$67,965,268,828","4.77%","0.00","0.00","0.00","Analyze"
"USB","US Bancorp","Common stocks","Large cap","Financials","$67,857,558,606","4.05%","0.00","0.00","0.00","Analyze"
"ITW","Illinois Tool Inc","Common stocks","Large cap","Industrials","$67,236,954,636","2.29%","0.00","0.00","0.00","Analyze"
"GD","General Dynamics Corp","Common stocks","Large cap","Industrials","$67,160,166,840","2.02%","0.00","0.00","0.00","Analyze"
"APD","Air Products And Chemicals Inc","Common stocks","Large cap","Materials","$66,963,587,367","2.13%","0.00","0.00","0.00","Analyze"
"MRNA","Moderna, Inc.","Common stocks","Large cap","Health Care","$66,659,153,176","0.00%","0.00","0.00","0.00","Analyze"
"CL","Colgate-Palmolive","Common stocks","Large cap","Consumer Staples","$65,597,724,053","2.35%","0.00","0.00","0.00","Analyze"
"BSX","Boston Scientific Corp","Common stocks","Large cap","Health Care","$65,542,564,264","0.00%","0.00","0.00","0.00","Analyze"
"WM","Waste Management Inc","Common stocks","Large cap","Industrials","$65,466,992,041","1.62%","0.00","0.00","0.00","Analyze"
"CSX","CSX Corp","Common stocks","Large cap","Industrials","$64,985,453,813","1.29%","0.00","0.00","0.00","Analyze"
"PNC","PNC Financial Services Group, Inc.","Common stocks","Large cap","Financials","$64,276,954,289","3.56%","0.00","0.00","0.00","Analyze"
"FISV","Fiserv Inc","Common stocks","Large cap","Information Technology","$63,121,790,754","0.00%","0.00","0.00","0.00","Analyze"
"ETN","Eaton Corporation, PLC","Common stocks","Large cap","Industrials","$62,518,440,000","2.04%","0.00","0.00","0.00","Analyze"
"AON","Aon Plc","Common stocks","Large cap","Financials","$62,128,279,328","0.73%","0.00","0.00","0.00","Analyze"
"HUM","Humana Inc","Common stocks","Large cap","Health Care","$61,783,487,190","0.64%","0.00","0.00","0.00","Analyze"
"EQIX","Equinix, Inc.","REITs","Large cap","Real Estate","$61,132,529,531","1.86%","0.00","0.00","0.00","Analyze"
"CME","CME Group Inc Class A","Common stocks","Large cap","Financials","$61,063,315,185","4.93%","0.00","0.00","0.00","Analyze"
"CCI","Crown Castle International Corp.","REITs","Large cap","Real Estate","$60,951,506,141","4.18%","0.00","0.00","0.00","Analyze"
"ATVI","Activision Blizzard Inc","Common stocks","Large cap","Communication Services","$60,230,844,550","0.61%","0.00","0.00","0.00","Analyze"
"MU","Micron Technology Inc","Common stocks","Large cap","Information Technology","$59,698,269,160","0.81%","0.00","0.00","0.00","Analyze"
"SHW","Sherwin Williams","Common stocks","Large cap","Materials","$59,019,912,994","1.05%","0.00","0.00","0.00","Analyze"
"TFC","Truist Financial Corporation","Common stocks","Large cap","Financials","$58,961,493,839","4.43%","0.00","0.00","0.00","Analyze"
"ICE","Intercontinental Exchange Inc","Common stocks","Large cap","Financials","$57,296,225,693","1.47%","0.00","0.00","0.00","Analyze"
"NSC","Norfolk Southern Corp","Common stocks","Large cap","Industrials","$57,295,137,433","1.99%","0.00","0.00","0.00","Analyze"
"MET","Metlife Inc","Common stocks","Large cap","Financials","$56,962,410,483","2.70%","0.00","0.00","0.00","Analyze"
"FCX","Freeport-McMoRan, Inc.","Common stocks","Large cap","Materials","$56,944,395,289","0.94%","0.00","0.00","0.00","Analyze"
"LRCX","Lam Research Corp","Common stocks","Large cap","Information Technology","$56,878,365,872","1.54%","0.00","0.00","0.00","Analyze"
"OXY","Occidental Petroleum Corp","Common stocks","Large cap","Energy","$56,552,638,351","0.83%","0.00","0.00","0.00","Analyze"
"CHTR","Charter Communications Inc Class A","Common stocks","Large cap","Communication Services","$56,264,632,522","0.00%","0.00","0.00","0.00","Analyze"
"EMR","Emerson Electric","Common stocks","Large cap","Industrials","$56,188,914,000","2.14%","0.00","0.00","0.00","Analyze"
"PXD","Pioneer Natural Resource","Common stocks","Large cap","Energy","$54,956,144,263","10.97%","0.00","0.00","0.00","Analyze"
"DG","Dollar General Corp","Common stocks","Large cap","Consumer Discretionary","$54,869,727,171","0.89%","0.00","0.00","0.00","Analyze"
"MPC","Marathon Petroleum Corp","Common stocks","Large cap","Energy","$54,238,118,203","2.13%","0.00","0.00","0.00","Analyze"
"MCK","Mckesson Corp","Common stocks","Large cap","Health Care","$53,037,851,194","0.54%","0.00","0.00","0.00","Analyze"
"KLAC","KLA-Tencor Corporation","Common stocks","Large cap","Information Technology","$52,927,543,585","1.25%","0.00","0.00","0.00","Analyze"
"MNST","Monster Beverage Corp","Common stocks","Large cap","Consumer Staples","$52,372,623,773","0.00%","0.00","0.00","0.00","Analyze"
"ORLY","Oreilly Automotive Inc","Common stocks","Large cap","Consumer Discretionary","$52,206,456,788","0.00%","0.00","0.00","0.00","Analyze"
"D","Dominion Energy Inc","Common stocks","Large cap","Utilities","$51,213,094,099","4.28%","0.00","0.00","0.00","Analyze"
"MCO","Moodys Corp","Common stocks","Large cap","Financials","$50,689,608,000","1.01%","0.00","0.00","0.00","Analyze"
"KHC","Kraft Heinz","Common stocks","Large cap","Consumer Staples","$50,626,363,678","3.81%","0.00","0.00","0.00","Analyze"
"KDP","Keurig Dr Pepper Inc.","Common stocks","Large cap","Consumer Staples","$49,979,508,624","2.18%","0.00","0.00","0.00","Analyze"
"GIS","General Mills Inc","Common stocks","Large cap","Consumer Staples","$49,769,040,622","2.46%","0.00","0.00","0.00","Analyze"
"GM","General Motors","Common stocks","Large cap","Consumer Discretionary","$49,724,387,545","0.51%","0.00","0.00","0.00","Analyze"
"VLO","Valero Energy Corp","Common stocks","Large cap","Energy","$49,177,349,342","3.04%","0.00","0.00","0.00","Analyze"
"PSX","Phillips 66","Common stocks","Large cap","Energy","$48,690,570,583","3.66%","0.00","0.00","0.00","Analyze"
"F","Ford Motor Company","Common stocks","Large cap","Consumer Discretionary","$48,383,114,782","4.03%","0.00","0.00","0.00","Analyze"
"AEP","American Electric Power Inc","Common stocks","Large cap","Utilities","$48,190,135,723","3.34%","0.00","0.00","0.00","Analyze"
"SNPS","Synopsys Inc","Common stocks","Large cap","Information Technology","$48,017,512,798","0.00%","0.00","0.00","0.00","Analyze"
"SRE","Sempra Energy","Common stocks","Large cap","Utilities","$47,929,551,190","2.97%","0.00","0.00","0.00","Analyze"
"PSA","Public Storage","REITs","Large cap","Real Estate","$47,645,425,513","2.86%","0.00","0.00","0.00","Analyze"
"AIG","American International Group Inc","Common stocks","Large cap","Financials","$47,186,660,435","2.00%","0.00","0.00","0.00","Analyze"
"MAR","Marriott International Inc","Common stocks","Large cap","Consumer Discretionary","$47,126,417,583","0.67%","0.00","0.00","0.00","Analyze"
"EW","Edwards Lifesciences Corp","Common stocks","Large cap","Health Care","$46,480,824,315","0.00%","0.00","0.00","0.00","Analyze"
"ADM","Archer-Daniels-Midland Company","Common stocks","Large cap","Consumer Staples","$46,270,421,940","1.89%","0.00","0.00","0.00","Analyze"
"ROP","Roper Technologies Inc","Common stocks","Large cap","Information Technology","$46,157,830,853","0.57%","0.00","0.00","0.00","Analyze"
"FDX","FedEx Corporation","Common stocks","Large cap","Industrials","$45,754,553,539","2.30%","0.00","0.00","0.00","Analyze"
"HSY","Hershey Foods","Common stocks","Large cap","Consumer Staples","$45,749,246,400","1.73%","0.00","0.00","0.00","Analyze"
"KMB","Kimberly Clark Corp","Common stocks","Large cap","Consumer Staples","$45,743,678,421","3.38%","0.00","0.00","0.00","Analyze"
"APH","Amphenol Corp","Common stocks","Large cap","Information Technology","$45,643,751,218","1.05%","0.00","0.00","0.00","Analyze"
"AZO","Autozone Inc","Common stocks","Large cap","Consumer Discretionary","$45,348,557,568","0.00%","0.00","0.00","0.00","Analyze"
"A","Agilent Technologies Inc","Common stocks","Large cap","Health Care","$45,035,518,004","0.56%","0.00","0.00","0.00","Analyze"
"JCI","Johnson Controls International Plc","Common stocks","Large cap","Industrials","$44,656,353,902","2.13%","0.00","0.00","0.00","Analyze"
"AFL","Aflac Inc","Common stocks","Large cap","Financials","$44,457,882,040","2.22%","0.00","0.00","0.00","Analyze"
"CTAS","Cintas Corp","Common stocks","Large cap","Industrials","$44,022,943,880","0.97%","0.00","0.00","0.00","Analyze"
"TRV","Travelers Companies Inc","Common stocks","Large cap","Financials","$43,951,878,314","1.94%","0.00","0.00","0.00","Analyze"
"CNC","Centene Corp","Common stocks","Large cap","Health Care","$43,749,223,881","0.00%","0.00","0.00","0.00","Analyze"
"HES","Hess Corp","Common stocks","Large cap","Energy","$43,403,665,843","1.06%","0.00","0.00","0.00","Analyze"
"DXCM","Dexcom Inc","Common stocks","Large cap","Health Care","$43,141,169,981","0.00%","0.00","0.00","0.00","Analyze"
"CDNS","Cadence Design Systems Inc","Common stocks","Large cap","Information technology","$43,012,748,800","0.00%","0.00","0.00","0.00","Analyze"
"MSI","Motorola Solutions Inc","Common stocks","Large cap","Information Technology","$42,656,882,680","1.27%","0.00","0.00","0.00","Analyze"
"EXC","Exelon Corp","Common stocks","Large cap","Utilities","$42,512,284,043","3.12%","0.00","0.00","0.00","Analyze"
"CTVA","Corteva, Inc.","Common stocks","Large cap","Materials","$42,183,607,680","0.98%","0.00","0.00","0.00","Analyze"
"ECL","Ecolab Inc","Common stocks","Large cap","Materials","$41,251,647,930","1.41%","0.00","0.00","0.00","Analyze"
"PAYX","Paychex Inc","Common stocks","Large cap","Information Technology","$41,222,954,429","2.62%","0.00","0.00","0.00","Analyze"
"KMI","Kinder Morgan Inc","Common stocks","Large cap","Energy","$40,931,383,113","5.92%","0.00","0.00","0.00","Analyze"
"ROST","Ross Stores Inc","Common stocks","Large cap","Consumer Discretionary","$40,773,527,466","1.04%","0.00","0.00","0.00","Analyze"
"NEM","Newmont Corporation","Common stocks","Large cap","Materials","$40,647,360,415","4.22%","0.00","0.00","0.00","Analyze"
"FIS","Fidelity National Information Services","Common stocks","Large cap","Information Technology","$40,462,545,105","2.73%","0.00","0.00","0.00","Analyze"
"NXPI","NXP Semiconductors Nv","Common stocks","Large cap","Information Technology","$39,779,792,666","2.19%","0.00","0.00","0.00","Analyze"
"O","Realty Income Corporation","REITs","Large cap","Real Estate","$39,755,283,249","4.59%","0.00","0.00","0.00","Analyze"
"WMB","Williams Inc","Common stocks","Large cap","Energy","$39,669,144,800","5.12%","0.00","0.00","0.00","Analyze"
"RSG","Republic Services Inc","Common stocks","Large cap","Industrials","$39,664,437,487","1.51%","0.00","0.00","0.00","Analyze"
"TT","Trane Technologies plc","Common stocks","Large cap","Industrials","$39,601,339,547","1.55%","0.00","0.00","0.00","Analyze"
"LVS","Las Vegas Sands Corp","Common stocks","Large cap","Consumer Discretionary","$39,377,487,378","0.00%","0.00","0.00","0.00","Analyze"
"DVN","Devon Energy Corp","Common stocks","Large cap","Energy","$39,333,129,000","4.25%","0.00","0.00","0.00","Analyze"
"AJG","Arthur J Gallagher","Common stocks","Large cap","Financials","$39,309,009,600","1.09%","0.00","0.00","0.00","Analyze"
"ADSK","Autodesk Inc","Common stocks","Large cap","Information Technology","$39,284,787,633","0.00%","0.00","0.00","0.00","Analyze"
"LHX","L3Harris Technologies, Inc.","Common stocks","Large cap","Industrials","$39,247,728,133","2.16%","0.00","0.00","0.00","Analyze"
"BIIB","Biogen Inc","Common stocks","Large cap","Health Care","$39,109,341,312","0.00%","0.00","0.00","0.00","Analyze"
"XEL","Xcel Energy Inc","Common stocks","Large cap","Utilities","$39,013,345,280","2.71%","0.00","0.00","0.00","Analyze"
"SYY","Sysco Corp","Common stocks","Large cap","Consumer Staples","$38,651,159,208","2.52%","0.00","0.00","0.00","Analyze"
"IQV","IQVIA Holdings, Inc.","Common stocks","Large cap","Health Care","$38,457,471,762","0.00%","0.00","0.00","0.00","Analyze"
"SPG","Simon Property Group, Inc","REITs","Large cap","Real Estate","$38,389,974,779","5.74%","0.00","0.00","0.00","Analyze"
"PH","Parker-Hannifin Corp","Common stocks","Large cap","Industrials","$38,277,748,411","1.67%","0.00","0.00","0.00","Analyze"
"BK","Bank Of New York Mellon Corp","Common stocks","Large cap","Financials","$38,158,896,392","2.97%","0.00","0.00","0.00","Analyze"
"MCHP","Microchip Technology Inc","Common stocks","Large cap","Information Technology","$38,005,601,861","1.67%","0.00","0.00","0.00","Analyze"
"CMG","Chipotle Mexican Grill Inc","Common stocks","Large cap","Consumer Discretionary","$37,816,032,146","0.00%","0.00","0.00","0.00","Analyze"
"DOW","Dow Inc.","Common stocks","Large cap","Materials","$37,235,902,923","5.19%","0.00","0.00","0.00","Analyze"
"FTNT","Fortinet Inc","Common stocks","Large cap","Information Technology","$37,069,648,722","0.00%","0.00","0.00","0.00","Analyze"
"PRU","Prudential Financial Inc","Common stocks","Large cap","Financials","$36,991,680,000","4.74%","0.00","0.00","0.00","Analyze"
"ALL","Allstate Corp","Common stocks","Large cap","Financials","$36,954,302,041","2.42%","0.00","0.00","0.00","Analyze"
"TEL","TE Connectivity Ltd","Common stocks","Large cap","Information Technology","$36,881,225,254","1.86%","0.00","0.00","0.00","Analyze"
"MSCI","MSCI Inc","Common stocks","Large cap","Financials","$36,710,393,174","0.99%","0.00","0.00","0.00","Analyze"
"YUM","Yum Brands Inc","Common stocks","Large cap","Consumer Discretionary","$36,701,112,061","1.74%","0.00","0.00","0.00","Analyze"
"COF","Capital One Financial Corp","Common stocks","Large cap","Financials","$35,872,031,797","2.52%","0.00","0.00","0.00","Analyze"
"HAL","Halliburton","Common stocks","Large cap","Energy","$35,368,421,964","1.23%","0.00","0.00","0.00","Analyze"
"DD","DuPont de Nemours, Inc.","Common stocks","Large cap","Materials","$35,207,432,745","1.85%","0.00","0.00","0.00","Analyze"
"NUE","Nucor Corp","Common stocks","Large cap","Materials","$35,159,315,456","1.46%","0.00","0.00","0.00","Analyze"
"CARR","Carrier Global Corporation","Common stocks","Large cap","Industrials","$34,729,940,718","1.52%","0.00","0.00","0.00","Analyze"
"IDXX","Idexx Laboratories Inc","Common stocks","Large cap","Health Care","$34,716,868,374","0.00%","0.00","0.00","0.00","Analyze"
"TDG","Transdigm Group Inc","Common stocks","Large cap","Industrials","$34,607,255,370","0.00%","0.00","0.00","0.00","Analyze"
"EA","Electronic Arts Inc","Common stocks","Large cap","Communication Services","$34,421,683,575","0.59%","0.00","0.00","0.00","Analyze"
"HLT","Hilton Worldwide Holdings Inc","Common stocks","Large cap","Consumer Discretionary","$34,304,641,196","0.35%","0.00","0.00","0.00","Analyze"
"PCAR","Paccar Inc","Common stocks","Large cap","Industrials","$34,004,713,484","1.38%","0.00","0.00","0.00","Analyze"
"ED","Consolidated Edison Inc","Common stocks","Large cap","Utilities","$33,814,880,786","3.27%","0.00","0.00","0.00","Analyze"
"STZ","Constellation Brands Class A","Common stocks","Large cap","Consumer Staples","$33,644,328,243","1.51%","0.00","0.00","0.00","Analyze"
"ABC","AmerisourceBergen Corp","Common stocks","Large cap","Health Care","$33,540,439,854","1.13%","0.00","0.00","0.00","Analyze"
"ANET","Arista Networks Inc","Common stocks","Large cap","Information Technology","$33,457,145,726","0.00%","0.00","0.00","0.00","Analyze"
"CMI","Cummins Inc","Common stocks","Large cap","Industrials","$33,382,837,205","2.53%","0.00","0.00","0.00","Analyze"
"OTIS","Otis Worldwide Corporation","Common stocks","Large cap","Industrials","$33,381,042,350","1.38%","0.00","0.00","0.00","Analyze"
"MTD","Mettler Toledo Inc","Common stocks","Large cap","Health Care","$33,207,417,457","0.00%","0.00","0.00","0.00","Analyze"
"WELL","Welltower Inc","REITs","Large cap","Real Estate","$32,972,546,502","2.60%","0.00","0.00","0.00","Analyze"
"AMP","Ameriprise Finance Inc","Common stocks","Large cap","Financials","$32,856,310,191","1.57%","0.00","0.00","0.00","Analyze"
"ENPH","Enphase Energy Inc","Common stocks","Large cap","Information Technology","$32,671,949,002","0.00%","0.00","0.00","0.00","Analyze"
"KR","Kroger","Common stocks","Large cap","Consumer Staples","$32,326,515,875","2.07%","0.00","0.00","0.00","Analyze"
"DLTR","Dollar Tree Inc","Common stocks","Large cap","Consumer Discretionary","$31,924,453,730","0.00%","0.00","0.00","0.00","Analyze"
"DHI","D R Horton Inc","Common stocks","Large cap","Consumer Discretionary","$31,805,220,618","1.00%","0.00","0.00","0.00","Analyze"
"AME","Ametek Inc","Common stocks","Large cap","Industrials","$31,687,713,698","0.64%","0.00","0.00","0.00","Analyze"
"ILMN","Illumina Inc","Common stocks","Large cap","Health Care","$31,640,895,000","0.00%","0.00","0.00","0.00","Analyze"
"WBA","Walgreen Boots Alliance Inc","Common stocks","Large cap","Consumer Staples","$31,576,255,112","5.14%","0.00","0.00","0.00","Analyze"
"PCG","Pacific Gas & Electric Co.","Common stocks","Large cap","Utilities","$31,163,400,000","0.00%","0.00","0.00","0.00","Analyze"
"ODFL","Old Dominion Freight Line Inc","Common stocks","Large cap","Industrials","$31,098,366,961","0.43%","0.00","0.00","0.00","Analyze"
"VICI","VICI Properties Inc","REITs","Large cap","Real Estate","$30,626,511,566","4.64%","0.00","0.00","0.00","Analyze"
"BF.B","Brown Forman Inc Class B","Common stocks","Large cap","Consumer Staples","$30,507,190,790","1.20%","0.00","0.00","0.00","Analyze"
"PEG","Public Service Enterprise Group Inc","Common stocks","Large cap","Utilities","$30,495,808,353","3.49%","0.00","0.00","0.00","Analyze"
"CSGP","Costar Group Inc","Common stocks","Large cap","Industrials","$30,461,085,494","0.00%","0.00","0.00","0.00","Analyze"
"SBAC","SBA Communications Corporation","REITs","Large cap","Real Estate","$30,378,263,427","1.01%","0.00","0.00","0.00","Analyze"
"KEYS","Keysight Technologies Inc","Common stocks","Large cap","Information Technology","$30,193,189,330","0.00%","0.00","0.00","0.00","Analyze"
"RMD","Resmed Inc","Common stocks","Large cap","Health Care","$30,039,402,106","0.84%","0.00","0.00","0.00","Analyze"
"WEC","WEC Energy Group Inc","Common stocks","Large cap","Utilities","$29,893,730,503","3.01%","0.00","0.00","0.00","Analyze"
"ROK","Rockwell Automation Inc","Common stocks","Large cap","Industrials","$29,696,400,824","1.74%","0.00","0.00","0.00","Analyze"
"NDAQ","Nasdaq Inc","Common stocks","Large cap","Financials","$29,594,678,646","1.29%","0.00","0.00","0.00","Analyze"
"CTSH","Cognizant Technology Solutions","Common stocks","Large cap","Information Technology","$29,586,456,840","1.86%","0.00","0.00","0.00","Analyze"
"ES","Eversource Energy","Common stocks","Large cap","Utilities","$29,170,746,090","3.01%","0.00","0.00","0.00","Analyze"
"GLW","Corning Inc","Common stocks","Large cap","Information Technology","$29,087,453,221","3.10%","0.00","0.00","0.00","Analyze"
"OKE","Oneok Inc","Common stocks","Large cap","Energy","$28,976,017,577","5.64%","0.00","0.00","0.00","Analyze"
"PPG","PPG Industries Inc","Common stocks","Large cap","Materials","$28,934,222,475","1.95%","0.00","0.00","0.00","Analyze"
"STT","State Street Corp","Common stocks","Large cap","Financials","$28,881,858,970","3.81%","0.00","0.00","0.00","Analyze"
"BKR","Baker Hughes Company Class A","Common stocks","Large cap","Energy","$28,842,265,411","2.51%","0.00","0.00","0.00","Analyze"
"VRSK","Verisk Analytics Inc","Common stocks","Large cap","Industrials","$28,600,228,296","0.68%","0.00","0.00","0.00","Analyze"
"LYB","Lyondellbasell Industries NV","Common stocks","Large cap","Materials","$28,306,531,961","5.31%","0.00","0.00","0.00","Analyze"
"DLR","Digital Realty Trust, Inc","REITs","Large cap","Real Estate","$28,200,184,732","4.90%","0.00","0.00","0.00","Analyze"
"AWK","American Water Works Inc","Common stocks","Large cap","Utilities","$28,123,317,272","1.65%","0.00","0.00","0.00","Analyze"
"GPN","Global Payments Inc","Common stocks","Large cap","Information Technology","$27,575,508,869","0.98%","0.00","0.00","0.00","Analyze"
"WBD","Warner Bros. Discovery, Inc. - Series A","Common stocks","Large cap","Communication Services","$27,489,442,890","0.00%","0.00","0.00","0.00","Analyze"
"WTW","Willis Towers Watson Public Limited Company","Common stocks","Large cap","Financials","$27,430,660,290","1.29%","0.00","0.00","0.00","Analyze"
"IFF","International Flavors & Fragrances","Common stocks","Large cap","Materials","$27,354,900,124","2.95%","0.00","0.00","0.00","Analyze"
"DFS","Discover Financial Services","Common stocks","Large cap","Financials","$27,199,624,906","2.29%","0.00","0.00","0.00","Analyze"
"GWW","W.W. Grainger Inc","Common stocks","Large cap","Industrials","$27,160,994,740","1.25%","0.00","0.00","0.00","Analyze"
"CEG","Constellation Energy Corporation","Common stocks","Large cap","Utilities","$26,949,544,727","0.68%","0.00","0.00","0.00","Analyze"
"HPQ","HP Inc","Common stocks","Large cap","Information Technology","$26,724,187,109","3.67%","0.00","0.00","0.00","Analyze"
"LEN","Lennar Corporation Class A","Common stocks","Large cap","Consumer Discretionary","$26,721,032,054","1.59%","0.00","0.00","0.00","Analyze"
"FAST","Fastenal","Common stocks","Large cap","Industrials","$26,518,782,444","2.65%","0.00","0.00","0.00","Analyze"
"BAX","Baxter International Inc","Common stocks","Large cap","Health Care","$26,501,628,301","2.17%","0.00","0.00","0.00","Analyze"
"ZBH","Zimmer Biomet Holdings Inc","Common stocks","Large cap","Health Care","$26,378,445,674","0.76%","0.00","0.00","0.00","Analyze"
"APTV","Aptiv Plc","Common stocks","Large cap","Consumer Discretionary","$25,973,226,643","0.00%","0.00","0.00","0.00","Analyze"
"ON","ON Semiconductor Corp","Common stocks","Large cap","Information Technology","$25,832,984,251","0.00%","0.00","0.00","0.00","Analyze"
"IT","Gartner Inc","Common stocks","Large cap","Information Technology","$25,664,747,893","0.00%","0.00","0.00","0.00","Analyze"
"ALB","Albemarle Corp","Common stocks","Large cap","Materials","$25,610,772,296","0.72%","0.00","0.00","0.00","Analyze"
"MTB","M&T Bank Corp","Common stocks","Large cap","Financials","$25,242,975,280","3.25%","0.00","0.00","0.00","Analyze"
"URI","United Rentals Inc","Common stocks","Large cap","Industrials","$25,234,524,847","0.00%","0.00","0.00","0.00","Analyze"
"HRL","Hormel Foods Corp","Common stocks","Large cap","Consumer Staples","$25,162,834,134","2.24%","0.00","0.00","0.00","Analyze"
"ULTA","Ulta Beauty Inc","Common stocks","Large cap","Consumer Discretionary","$24,877,644,173","0.00%","0.00","0.00","0.00","Analyze"
"EIX","Edison International","Common stocks","Large cap","Utilities","$24,779,847,596","4.30%","0.00","0.00","0.00","Analyze"
"CBRE","CBRE Group Inc","Common stocks","Large cap","Real Estate","$24,779,843,835","0.00%","0.00","0.00","0.00","Analyze"
"HIG","Hartford Financial Services Group","Common stocks","Large cap","Financials","$24,519,065,447","2.04%","0.00","0.00","0.00","Analyze"
"TSCO","Tractor Supply","Common stocks","Large cap","Consumer Discretionary","$24,261,042,499","1.66%","0.00","0.00","0.00","Analyze"
"EFX","Equifax Inc","Common stocks","Large cap","Industrials","$24,256,043,285","0.79%","0.00","0.00","0.00","Analyze"
"TROW","T Rowe Price Group Inc","Common stocks","Large cap","Financials","$24,181,127,307","4.37%","0.00","0.00","0.00","Analyze"
"CDW","CDW Corp","Common stocks","Large cap","Information Technology","$24,107,718,255","1.17%","0.00","0.00","0.00","Analyze"
"VMC","Vulcan Materials","Common stocks","Large cap","Materials","$24,103,989,218","0.88%","0.00","0.00","0.00","Analyze"
"K","Kellogg","Common stocks","Large cap","Consumer Staples","$24,032,172,600","3.28%","0.00","0.00","0.00","Analyze"
"FE","Firstenergy Corp","Common stocks","Large cap","Utilities","$23,830,673,168","3.69%","0.00","0.00","0.00","Analyze"
"GPC","Genuine Parts","Common stocks","Large cap","Consumer Discretionary","$23,795,568,601","2.11%","0.00","0.00","0.00","Analyze"
"FANG","Diamondback Energy Inc","Common stocks","Large cap","Energy","$23,590,849,261","2.06%","0.00","0.00","0.00","Analyze"
"ARE","Alexandria Real Estate Equities, Inc","REITs","Large cap","Real Estate","$23,472,684,832","3.26%","0.00","0.00","0.00","Analyze"
"EBAY","Ebay Inc","Common stocks","Large cap","Consumer Discretionary","$23,388,606,650","2.03%","0.00","0.00","0.00","Analyze"
"ACGL","Arch Capital Group Ltd","Common stocks","Large cap","Financials","$23,279,808,319","0.00%","0.00","0.00","0.00","Analyze"
"WY","Weyerhaeuser Company","REITs","Large cap","Real Estate","$23,262,336,370","2.26%","0.00","0.00","0.00","Analyze"
"TSN","Tyson Foods Inc Class A","Common stocks","Large cap","Consumer Staples","$23,145,786,800","2.87%","0.00","0.00","0.00","Analyze"
"RJF","Raymond James Inc","Common stocks","Large cap","Financials","$23,065,570,028","1.34%","0.00","0.00","0.00","Analyze"
"FITB","Fifth Third Bancorp","Common stocks","Large cap","Financials","$22,740,304,980","3.75%","0.00","0.00","0.00","Analyze"
"MKC","McCormick & Co  Non-voting","Common stocks","Large cap","Consumer Staples","$22,659,414,287","1.76%","0.00","0.00","0.00","Analyze"
"FTV","Fortive Corp","Common stocks","Large cap","Industrials","$22,618,961,614","0.44%","0.00","0.00","0.00","Analyze"
"DAL","Delta Air Lines Inc","Common stocks","Large cap","Industrials","$22,589,065,993","0.00%","0.00","0.00","0.00","Analyze"
"DTE","DTE Energy","Common stocks","Large cap","Utilities","$22,586,441,311","3.06%","0.00","0.00","0.00","Analyze"
"AEE","Ameren Corp","Common stocks","Large cap","Utilities","$22,232,906,534","2.73%","0.00","0.00","0.00","Analyze"
"AVB","AvalonBay Communities, Inc","REITs","Large cap","Real Estate","$22,100,983,511","3.97%","0.00","0.00","0.00","Analyze"
"VRSN","Verisign Inc","Common stocks","Large cap","Information Technology","$21,766,238,581","0.00%","0.00","0.00","0.00","Analyze"
"EQR","Equity Residential","REITs","Large cap","Real Estate","$21,719,000,332","5.37%","0.00","0.00","0.00","Analyze"
"FRC","First Republic Bank","Common stocks","Large cap","Financials","$21,640,254,853","0.85%","0.00","0.00","0.00","Analyze"
"IR","Ingersoll Rand Plc","Common stocks","Large cap","Industrials","$21,618,985,419","0.15%","0.00","0.00","0.00","Analyze"
"PPL","PPL Corporation","Common stocks","Large cap","Utilities","$21,529,946,624","2.96%","0.00","0.00","0.00","Analyze"
"LH","Laboratory Corporation Of America","Common stocks","Large cap","Health Care","$21,261,342,000","0.90%","0.00","0.00","0.00","Analyze"
"ETR","Entergy Corp","Common stocks","Large cap","Utilities","$21,093,116,196","3.86%","0.00","0.00","0.00","Analyze"
"HPE","Hewlett Packard Enterprise","Common stocks","Large cap","Information Technology","$21,085,887,199","2.88%","0.00","0.00","0.00","Analyze"
"MLM","Martin Marietta Materials Inc","Common stocks","Large cap","Materials","$20,984,791,851","0.75%","0.00","0.00","0.00","Analyze"
"PFG","Principal Financial Group Inc","Common stocks","Large cap","Financials","$20,648,780,648","3.00%","0.00","0.00","0.00","Analyze"
"HBAN","Huntington Bancshares Inc","Common stocks","Large cap","Financials","$20,573,390,476","4.27%","0.00","0.00","0.00","Analyze"
"RF","Regions Financial Corp","Common stocks","Large cap","Financials","$20,249,436,282","3.37%","0.00","0.00","0.00","Analyze"
"ANSS","Ansys Inc","Common stocks","Large cap","Information Technology","$20,179,549,238","0.00%","0.00","0.00","0.00","Analyze"
"CAH","Cardinal Health Inc","Common stocks","Large cap","Health Care","$20,084,711,141","2.55%","0.00","0.00","0.00","Analyze"
"XYL","Xylem Inc","Common stocks","Large cap","Industrials","$20,053,249,866","1.07%","0.00","0.00","0.00","Analyze"
"CHD","Church And Dwight Inc","Common stocks","Large cap","Consumer Staples","$19,992,327,087","1.27%","0.00","0.00","0.00","Analyze"
"CFG","Citizens Financial Group Inc","Common stocks","Large cap","Financials","$19,931,109,394","3.94%","0.00","0.00","0.00","Analyze"
"LUV","Southwest Airlines","Common stocks","Large cap","Industrials","$19,908,504,694","0.00%","0.00","0.00","0.00","Analyze"
"WRB","WR Berkley Corp","Common stocks","Large cap","Financials","$19,722,221,029","0.52%","0.00","0.00","0.00","Analyze"
"PWR","Quanta Services Inc","Common stocks","Large cap","Industrials","$19,373,109,719","0.21%","0.00","0.00","0.00","Analyze"
"CAG","Conagra Brands Inc","Common stocks","Large cap","Consumer Staples","$19,155,822,630","3.17%","0.00","0.00","0.00","Analyze"
"WAT","Waters Corp","Common stocks","Large cap","Health Care","$19,141,714,741","0.00%","0.00","0.00","0.00","Analyze"
"VTR","Ventas, Inc","REITs","Large cap","Real Estate","$19,114,514,043","3.71%","0.00","0.00","0.00","Analyze"
"HOLX","Hologic Inc","Common stocks","Large cap","Health Care","$19,084,074,711","0.00%","0.00","0.00","0.00","Analyze"
"NTRS","Northern Trust Corporation","Common stocks","Large cap","Financials","$19,072,118,236","3.13%","0.00","0.00","0.00","Analyze"
"EXR","Extra Space Storage Inc","REITs","Large cap","Real Estate","$18,888,292,309","4.20%","0.00","0.00","0.00","Analyze"
"DOV","Dover Corp","Common stocks","Large cap","Industrials","$18,866,377,959","1.49%","0.00","0.00","0.00","Analyze"
"STE","STERIS PLC","Common stocks","Large cap","Health Care","$18,695,840,867","0.96%","0.00","0.00","0.00","Analyze"
"TDY","Teledyne Technologies Inc","Common stocks","Large cap","Information Technology","$18,674,849,584","0.00%","0.00","0.00","0.00","Analyze"
"CTRA","Coterra Energy Inc.","Common stocks","Large cap","Energy","$18,663,022,198","2.47%","0.00","0.00","0.00","Analyze"
"WAB","Westinghouse Air Brake Technologies","Common stocks","Large cap","Industrials","$18,466,862,911","0.59%","0.00","0.00","0.00","Analyze"
"CMS","CMS Energy Corp","Common stocks","Large cap","Utilities","$18,367,121,375","2.88%","0.00","0.00","0.00","Analyze"
"GRMN","Garmin Ltd","Common stocks","Large cap","Consumer Discretionary","$18,269,406,094","0.69%","0.00","0.00","0.00","Analyze"
"CNP","Centerpoint Energy Inc","Common stocks","Large cap","Utilities","$18,243,942,586","2.39%","0.00","0.00","0.00","Analyze"
"BBY","Best Buy Inc","Common stocks","Large cap","Consumer Discretionary","$18,035,265,646","4.24%","0.00","0.00","0.00","Analyze"
"EPAM","Epam Systems Inc","Common stocks","Large cap","Information Technology","$18,029,328,218","0.00%","0.00","0.00","0.00","Analyze"
"ROL","Rollins Inc","Common stocks","Large cap","Industrials","$17,881,674,151","1.18%","0.00","0.00","0.00","Analyze"
"INCY","Incyte Corp","Common stocks","Large cap","Health Care","$17,833,633,515","0.00%","0.00","0.00","0.00","Analyze"
"TTWO","Take Two Interactive Software Inc","Common stocks","Large cap","Communication Services","$17,782,114,591","0.00%","0.00","0.00","0.00","Analyze"
"AMCR","Amcor plc","Common stocks","Large cap","Materials","$17,749,113,108","3.99%","0.00","0.00","0.00","Analyze"
"PAYC","Paycom Software Inc","Common stocks","Large cap","Information Technology","$17,683,201,115","0.00%","0.00","0.00","0.00","Analyze"
"MAA","Mid-America Apartment Communities, Inc","REITs","Large cap","Real Estate","$17,669,138,524","3.02%","0.00","0.00","0.00","Analyze"
"DGX","Quest Diagnostics Inc","Common stocks","Large cap","Health Care","$17,595,613,497","1.67%","0.00","0.00","0.00","Analyze"
"DRI","Darden Restaurants Inc","Common stocks","Large cap","Consumer Discretionary","$17,562,074,213","3.16%","0.00","0.00","0.00","Analyze"
"CLX","Clorox","Common stocks","Large cap","Consumer Staples","$17,530,511,958","3.25%","0.00","0.00","0.00","Analyze"
"PKI","Perkinelmer Inc","Common stocks","Large cap","Health Care","$17,521,145,667","0.20%","0.00","0.00","0.00","Analyze"
"JBHT","JB Hunt Transport Services Inc","Common stocks","Large cap","Industrials","$17,518,531,972","0.94%","0.00","0.00","0.00","Analyze"
"INVH","Invitation Homes Inc","REITs","Large cap","Real Estate","$17,480,209,298","3.05%","0.00","0.00","0.00","Analyze"
"MOH","Molina Healthcare Inc","Common stocks","Large cap","Health Care","$17,434,736,000","0.00%","0.00","0.00","0.00","Analyze"
"OMC","Omnicom Group Inc","Common stocks","Large cap","Communication Services","$17,357,340,815","3.24%","0.00","0.00","0.00","Analyze"
"STLD","Steel Dynamics Inc","Common stocks","Large cap","Materials","$17,344,699,495","1.37%","0.00","0.00","0.00","Analyze"
"AES","AES Corp","Common stocks","Large cap","Utilities","$17,279,860,757","2.42%","0.00","0.00","0.00","Analyze"
"WST","West Pharmaceutical Services Inc","Common stocks","Large cap","Health Care","$17,212,669,478","0.31%","0.00","0.00","0.00","Analyze"
"ALGN","Align Technology Inc","Common stocks","Large cap","Health Care","$17,170,656,997","0.00%","0.00","0.00","0.00","Analyze"
"IEX","IDEX Corp","Common stocks","Large cap","Industrials","$17,025,561,146","1.03%","0.00","0.00","0.00","Analyze"
"SJM","J.M. Smucker","Common stocks","Large cap","Consumer Staples","$16,984,175,220","2.48%","0.00","0.00","0.00","Analyze"
"CPB","Campbell Soup","Common stocks","Large cap","Consumer Staples","$16,812,109,043","2.61%","0.00","0.00","0.00","Analyze"
"CINF","Cincinnati Financial Corp","Common stocks","Large cap","Financials","$16,766,850,134","2.56%","0.00","0.00","0.00","Analyze"
"COO","Cooper Companies, Inc.","Common stocks","Large cap","Health Care","$16,748,903,754","0.02%","0.00","0.00","0.00","Analyze"
"EXPD","Expeditors International Of Washington","Common stocks","Large cap","Industrials","$16,696,589,409","1.27%","0.00","0.00","0.00","Analyze"
"KEY","Keycorp","Common stocks","Large cap","Financials","$16,644,177,539","4.36%","0.00","0.00","0.00","Analyze"
"BALL","Ball Corporation","Common stocks","Large cap","Materials","$16,587,540,726","1.51%","0.00","0.00","0.00","Analyze"
"LYV","Live Nation Entertainment Inc","Common stocks","Large cap","Communication Services","$16,544,852,129","0.00%","0.00","0.00","0.00","Analyze"
"CF","CF Industries Holdings Inc","Common stocks","Large cap","Materials","$16,436,753,210","1.78%","0.00","0.00","0.00","Analyze"
"MRO","Marathon Oil Corp","Common stocks","Large cap","Energy","$16,429,205,021","1.23%","0.00","0.00","0.00","Analyze"
"MPWR","Monolithic Power Systems Inc","Common stocks","Large cap","Information Technology","$16,291,690,520","1.08%","0.00","0.00","0.00","Analyze"
"FOX","Fox Corporation Class B","Common stocks","Large cap","Communication Services","$16,285,680,975","1.69%","0.00","0.00","0.00","Analyze"
"FOXA","Fox Corporation Class A","Common stocks","Large cap","Communication Services","$16,285,680,975","1.58%","0.00","0.00","0.00","Analyze"
"HWM","Howmet Aerospace Inc.","Common stocks","Large cap","Industrials","$16,267,157,295","0.25%","0.00","0.00","0.00","Analyze"
"BRO","Brown & Brown Inc","Common stocks","Large cap","Financials","$16,166,332,708","0.74%","0.00","0.00","0.00","Analyze"
"TRGP","Targa Resources Corp","Common stocks","Large cap","Energy","$16,056,806,200","1.96%","0.00","0.00","0.00","Analyze"
"BR","Broadridge Financial Solutions Inc","Common stocks","Large cap","Information Technology","$15,650,511,065","2.04%","0.00","0.00","0.00","Analyze"
"J","Jacobs Engineering Group Inc.","Common stocks","Large cap","Industrials","$15,650,417,972","0.68%","0.00","0.00","0.00","Analyze"
"FSLR","First Solar Inc","Common stocks","Large cap","Information Technology","$15,506,852,031","0.00%","0.00","0.00","0.00","Analyze"
"SEDG","SolarEdge Technologies Inc","Common stocks","Large cap","Information Technology","$15,468,906,656","0.00%","0.00","0.00","0.00","Analyze"
"ATO","Atmos Energy Corp","Common stocks","Large cap","Utilities","$15,352,409,089","2.54%","0.00","0.00","0.00","Analyze"
"FMC","FMC Corp","Common stocks","Large cap","Materials","$15,330,052,829","1.77%","0.00","0.00","0.00","Analyze"
"MOS","Mosaic","Common stocks","Large cap","Materials","$15,216,097,409","1.25%","0.00","0.00","0.00","Analyze"
"ETSY","Etsy Inc","Common stocks","Large cap","Consumer Discretionary","$15,027,295,061","0.00%","0.00","0.00","0.00","Analyze"
"FDS","Factset Research Systems Inc","Common stocks","Large cap","Financials","$14,993,553,694","0.88%","0.00","0.00","0.00","Analyze"
"NVR","NVR, Inc.","Common stocks","Large cap","Consumer Discretionary","$14,827,413,613","0.00%","0.00","0.00","0.00","Analyze"
"AVY","Avery Dennison Corp","Common stocks","Large cap","Materials","$14,827,045,844","1.60%","0.00","0.00","0.00","Analyze"
"SWKS","Skyworks Solutions Inc","Common stocks","Large cap","Information Technology","$14,802,085,535","2.53%","0.00","0.00","0.00","Analyze"
"VTRS","Viatris Inc.","Common stocks","Large cap","Health Care","$14,673,483,636","3.90%","0.00","0.00","0.00","Analyze"
"TXT","Textron Inc","Common stocks","Large cap","Industrials","$14,628,617,043","0.11%","0.00","0.00","0.00","Analyze"
"EVRG","Evergy Inc","Common stocks","Large cap","Utilities","$14,458,496,891","3.65%","0.00","0.00","0.00","Analyze"
"CPRT","Copart Inc","Common stocks","Large cap","Industrials","$14,415,089,273","0.00%","0.00","0.00","0.00","Analyze"
"LKQ","LKQ Corp","Common stocks","Large cap","Consumer Discretionary","$14,411,418,691","1.89%","0.00","0.00","0.00","Analyze"
"SYF","Synchrony Financial","Common stocks","Large cap","Financials","$14,408,314,867","2.79%","0.00","0.00","0.00","Analyze"
"IRM","Iron Mountain Incorporated","REITs","Large cap","Real Estate","$14,230,452,111","4.97%","0.00","0.00","0.00","Analyze"
"LDOS","Leidos Holdings Inc","Common stocks","Large cap","Industrials","$14,217,080,824","1.38%","0.00","0.00","0.00","Analyze"
"PTC","PTC Inc","Common stocks","Large cap","Information Technology","$14,184,402,346","0.00%","0.00","0.00","0.00","Analyze"
"ZBRA","Zebra Technologies Corp","Common stocks","Large cap","Information Technology","$14,116,619,369","0.00%","0.00","0.00","0.00","Analyze"
"L","Loews Corp","Common stocks","Large cap","Financials","$14,058,055,749","0.42%","0.00","0.00","0.00","Analyze"
"EXPE","Expedia Inc","Common stocks","Large cap","Consumer Discretionary","$14,002,770,432","0.00%","0.00","0.00","0.00","Analyze"
"PEAK","Healthpeak Properties, Inc.","REITs","Large cap","Real Estate","$13,954,542,138","4.54%","0.00","0.00","0.00","Analyze"
"KIM","Kimco Realty Corporation","REITs","Large cap","Real Estate","$13,948,417,024","3.48%","0.00","0.00","0.00","Analyze"
"LW","Lamb Weston Holdings Inc","Common stocks","Large cap","Consumer Staples","$13,812,110,520","1.02%","0.00","0.00","0.00","Analyze"
"SIVB","SVB Financial Group","Common stocks","Large cap","Financials","$13,747,028,201","0.00%","0.00","0.00","0.00","Analyze"
"GEN","Gen Digital Inc.","Common stocks","Large cap","Information Technology","$13,743,693,489","2.36%","0.00","0.00","0.00","Analyze"
"IPG","Interpublic Group Of Companies Inc","Common stocks","Large cap","Communication Services","$13,687,725,815","3.25%","0.00","0.00","0.00","Analyze"
"BEN","Franklin Resources Inc","Common stocks","Large cap","Financials","$13,672,052,561","4.21%","0.00","0.00","0.00","Analyze"
"RCL","Royal Caribbean Cruises Ltd","Common stocks","Large cap","Consumer Discretionary","$13,621,615,961","0.00%","0.00","0.00","0.00","Analyze"
"LNT","Alliant Energy Corp","Common stocks","Large cap","Utilities","$13,587,811,658","3.12%","0.00","0.00","0.00","Analyze"
"TER","Teradyne Inc","Common stocks","Large cap","Information Technology","$13,569,475,440","0.50%","0.00","0.00","0.00","Analyze"
"MGM","MGM Resorts International","Common stocks","Large cap","Consumer Discretionary","$13,498,313,404","0.03%","0.00","0.00","0.00","Analyze"
"UAL","United Continental Holdings Inc","Common stocks","Large cap","Industrials","$13,474,951,346","0.00%","0.00","0.00","0.00","Analyze"
"APA","Apache Corp","Common stocks","Large cap","Energy","$13,426,332,810","1.49%","0.00","0.00","0.00","Analyze"
"RE","Everest Re Group Ltd","Common stocks","Large cap","Financials","$13,399,924,733","1.88%","0.00","0.00","0.00","Analyze"
"ESS","Essex Property Trust, Inc","REITs","Large cap","Real Estate","$13,331,514,815","4.21%","0.00","0.00","0.00","Analyze"
"AKAM","Akamai Technologies Inc","Common stocks","Large cap","Information Technology","$13,305,842,749","0.00%","0.00","0.00","0.00","Analyze"
"FLT","Fleetcor Technologies Inc","Common stocks","Large cap","Information Technology","$13,294,600,774","0.00%","0.00","0.00","0.00","Analyze"
"NTAP","NetApp Inc","Common stocks","Large cap","Information Technology","$13,221,113,985","3.22%","0.00","0.00","0.00","Analyze"
"NDSN","Nordson Corp","Common stocks","Large cap","Industrials","$13,131,208,746","1.01%","0.00","0.00","0.00","Analyze"
"CBOE","Cboe Global Markets, Inc.","Common stocks","Large cap","Financials","$13,129,790,800","1.57%","0.00","0.00","0.00","Analyze"
"IP","International Paper","Common stocks","Large cap","Materials","$12,875,254,326","5.02%","0.00","0.00","0.00","Analyze"
"TYL","Tyler Technologies Inc","Common stocks","Large cap","Information Technology","$12,763,461,535","0.00%","0.00","0.00","0.00","Analyze"
"BIO","Bio Rad Laboratories Inc Class A","Common stocks","Large cap","Health Care","$12,704,937,154","0.00%","0.00","0.00","0.00","Analyze"
"JKHY","Jack Henry & Associates, Inc.","Common stocks","Large cap","Information Technology","$12,677,152,467","1.12%","0.00","0.00","0.00","Analyze"
"TRMB","Trimble Inc","Common stocks","Large cap","Information Technology","$12,360,829,513","0.00%","0.00","0.00","0.00","Analyze"
"PARA","Paramount Global - Class B","Common stocks","Large cap","Communication Services","$12,238,964,874","5.06%","0.00","0.00","0.00","Analyze"
"SNA","Snap On Inc","Common stocks","Large cap","Industrials","$12,228,224,702","2.53%","0.00","0.00","0.00","Analyze"
"UDR","UDR, Inc","REITs","Large cap","Real Estate","$12,126,431,305","3.94%","0.00","0.00","0.00","Analyze"
"CE","Celanese Corporation","Common stocks","Large cap","Materials","$12,020,335,951","2.45%","0.00","0.00","0.00","Analyze"
"PKG","Packaging Corp Of America","Common stocks","Large cap","Materials","$12,018,378,262","3.61%","0.00","0.00","0.00","Analyze"
"DPZ","Dominos Pizza Inc","Common stocks","Large cap","Consumer Discretionary","$11,994,371,587","1.29%","0.00","0.00","0.00","Analyze"
"MTCH","Match Group Inc","Common stocks","Large cap","Communication Services","$11,870,509,505","0.00%","0.00","0.00","0.00","Analyze"
"TFX","Teleflex Inc","Common stocks","Large cap","Health Care","$11,867,328,055","0.54%","0.00","0.00","0.00","Analyze"
"POOL","Pool Corp","Common stocks","Large cap","Consumer Discretionary","$11,832,337,254","1.25%","0.00","0.00","0.00","Analyze"
"WDC","Western Digital Corp","Common stocks","Large cap","Information Technology","$11,807,061,465","0.00%","0.00","0.00","0.00","Analyze"
"EQT","EQT Corporation","Common stocks","Large cap","Energy","$11,774,835,840","1.71%","0.00","0.00","0.00","Analyze"
"GL","Globe Life Inc.","Common stocks","Large cap","Financials","$11,690,908,824","0.69%","0.00","0.00","0.00","Analyze"
"CPT","Camden Property Trust","REITs","Large cap","Real Estate","$11,682,929,598","3.39%","0.00","0.00","0.00","Analyze"
"SWK","Stanley Black & Decker Inc","Common stocks","Large cap","Industrials","$11,634,142,051","3.99%","0.00","0.00","0.00","Analyze"
"VFC","VF Corp","Common stocks","Large cap","Consumer Discretionary","$11,478,242,151","6.66%","0.00","0.00","0.00","Analyze"
"HST","Host Hotels & Resorts, Inc","REITs","Large cap","Real Estate","$11,290,288,346","2.07%","0.00","0.00","0.00","Analyze"
"MKTX","Marketaxess Holdings Inc","Common stocks","Large cap","Financials","$11,224,429,723","0.94%","0.00","0.00","0.00","Analyze"
"CRL","Charles River Laboratories International","Common stocks","Large cap","Health Care","$11,197,374,612","0.00%","0.00","0.00","0.00","Analyze"
"STX","Seagate Technology Plc","Common stocks","Large cap","Information Technology","$11,166,572,400","5.14%","0.00","0.00","0.00","Analyze"
"NI","Nisource Inc","Common stocks","Large cap","Utilities","$11,018,424,698","3.42%","0.00","0.00","0.00","Analyze"
"UHS","Universal Health Services Inc.","Common stocks","Large cap","Health Care","$10,870,378,440","0.54%","0.00","0.00","0.00","Analyze"
"PHM","Pultegroup Inc","Common stocks","Large cap","Consumer Discretionary","$10,860,166,243","1.27%","0.00","0.00","0.00","Analyze"
"MAS","Masco Corp","Common stocks","Large cap","Industrials","$10,856,971,981","2.31%","0.00","0.00","0.00","Analyze"
"HSIC","Henry Schein Inc","Common stocks","Large cap","Health Care","$10,847,872,427","0.00%","0.00","0.00","0.00","Analyze"
"NWS","News Corp Class B","Common stocks","Large cap","Communication Services","$10,793,315,273","1.06%","0.00","0.00","0.00","Analyze"
"NWSA","News Corp Class A","Common stocks","Large cap","Communication Services","$10,793,315,273","1.07%","0.00","0.00","0.00","Analyze"
"BBWI","Bath & Body Works, Inc.","Common stocks","Large cap","Consumer Discretionary","$10,687,519,836","1.70%","0.00","0.00","0.00","Analyze"
"REG","Regency Centers Corporation","REITs","Large cap","Real Estate","$10,659,234,229","3.99%","0.00","0.00","0.00","Analyze"
"WYNN","Wynn Resorts Ltd","Common stocks","Large cap","Consumer Discretionary","$10,602,752,710","0.00%","0.00","0.00","0.00","Analyze"
"CHRW","C.H. Robinson Worldwide, Inc.","Common stocks","Large cap","Industrials","$10,595,029,215","2.49%","0.00","0.00","0.00","Analyze"
"EMN","Eastman Chemical","Common stocks","Large cap","Materials","$10,281,974,291","3.54%","0.00","0.00","0.00","Analyze"
"JNPR","Juniper Networks Inc","Common stocks","Large cap","Information Technology","$10,116,395,652","2.67%","0.00","0.00","0.00","Analyze"
"BXP","Boston Properties, Inc","REITs","Large cap","Real Estate","$10,060,517,416","5.99%","0.00","0.00","0.00","Analyze"
"KMX","Carmax Inc","Common stocks","Large cap","Consumer Discretionary","$10,008,701,200","0.00%","0.00","0.00","0.00","Analyze"
"CCL","Carnival Corp","Common stocks","Mid cap","Consumer Discretionary","$9,958,725,905","0.00%","0.00","0.00","0.00","Analyze"
"BWA","BorgWarner Inc","Common stocks","Mid cap","Consumer Discretionary","$9,834,465,060","1.61%","0.00","0.00","0.00","Analyze"
"TPR","Tapestry","Common stocks","Mid cap","Consumer Discretionary","$9,570,982,876","2.74%","0.00","0.00","0.00","Analyze"
"ALLE","Allegion PLC","Common stocks","Mid cap","Industrials","$9,465,279,571","1.51%","0.00","0.00","0.00","Analyze"
"WRK","Westrock","Common stocks","Mid cap","Materials","$9,348,448,160","2.76%","0.00","0.00","0.00","Analyze"
"AAP","Advance Auto Parts Inc","Common stocks","Mid cap","Consumer Discretionary","$9,207,709,485","3.86%","0.00","0.00","0.00","Analyze"
"QRVO","Qorvo, Inc.","Common stocks","Mid cap","Information Technology","$9,154,455,517","0.00%","0.00","0.00","0.00","Analyze"
"CZR","Caesars Entertainment Corp","Common stocks","Mid cap","Consumer Discretionary","$9,112,622,479","0.00%","0.00","0.00","0.00","Analyze"
"AAL","American Airlines Group Inc","Common stocks","Mid cap","Industrials","$9,092,113,409","0.00%","0.00","0.00","0.00","Analyze"
"AOS","A O Smith Corp","Common stocks","Mid cap","Industrials","$9,071,810,793","1.91%","0.00","0.00","0.00","Analyze"
"CDAY","Ceridian HCM Holding Inc.","Common stocks","Mid cap","Information Technology","$9,071,075,847","0.00%","0.00","0.00","0.00","Analyze"
"HII","Huntington Ingalls Industries Inc","Common stocks","Mid cap","Industrials","$9,056,107,495","2.09%","0.00","0.00","0.00","Analyze"
"HAS","Hasbro Inc","Common stocks","Mid cap","Consumer Discretionary","$8,742,598,603","4.33%","0.00","0.00","0.00","Analyze"
"CMA","Comerica Inc","Common stocks","Mid cap","Financials","$8,650,716,799","4.06%","0.00","0.00","0.00","Analyze"
"IVZ","Invesco Ltd","Common stocks","Mid cap","Financials","$8,495,376,477","3.81%","0.00","0.00","0.00","Analyze"
"FFIV","F5 Networks Inc","Common stocks","Mid cap","Information Technology","$8,454,623,831","0.00%","0.00","0.00","0.00","Analyze"
"FRT","Federal Realty Investment Trust","REITs","Mid cap","Real Estate","$8,341,837,683","4.13%","0.00","0.00","0.00","Analyze"
"PNW","Pinnacle West Corp","Common stocks","Mid cap","Utilities","$8,332,775,951","4.55%","0.00","0.00","0.00","Analyze"
"CTLT","Catalent Inc","Common stocks","Mid cap","Health Care","$8,308,918,904","0.00%","0.00","0.00","0.00","Analyze"
"WHR","Whirlpool Corp","Common stocks","Mid cap","Consumer Discretionary","$8,253,470,631","4.54%","0.00","0.00","0.00","Analyze"
"RHI","Robert Half","Common stocks","Mid cap","Industrials","$8,051,676,357","2.30%","0.00","0.00","0.00","Analyze"
"DISH","Dish Network Corp Class A","Common stocks","Mid cap","Communication Services","$7,971,207,079","0.00%","0.00","0.00","0.00","Analyze"
"RL","Ralph Lauren Corp Class A","Common stocks","Mid cap","Consumer Discretionary","$7,758,098,800","2.54%","0.00","0.00","0.00","Analyze"
"ZION","Zions Bancorporation","Common stocks","Mid cap","Financials","$7,669,406,070","3.05%","0.00","0.00","0.00","Analyze"
"PNR","Pentair","Common stocks","Mid cap","Industrials","$7,593,244,021","1.81%","0.00","0.00","0.00","Analyze"
"OGN","Organon & Co.","Common stocks","Mid cap","Health Care","$7,335,869,556","3.78%","0.00","0.00","0.00","Analyze"
"NRG","NRG Energy Inc","Common stocks","Mid cap","Utilities","$7,314,698,509","4.35%","0.00","0.00","0.00","Analyze"
"SEE","Sealed Air Corp","Common stocks","Mid cap","Materials","$7,238,662,401","1.59%","0.00","0.00","0.00","Analyze"
"XRAY","Dentsply Sirona Inc","Common stocks","Mid cap","Health Care","$7,184,504,349","1.49%","0.00","0.00","0.00","Analyze"
"MHK","Mohawk Industries Inc","Common stocks","Mid cap","Consumer Discretionary","$7,181,886,977","0.00%","0.00","0.00","0.00","Analyze"
"DVA","Davita Inc","Common stocks","Mid cap","Health Care","$7,072,850,000","0.00%","0.00","0.00","0.00","Analyze"
"SBNY","Signature Bank","Common stocks","Mid cap","Financials","$6,720,515,943","2.01%","0.00","0.00","0.00","Analyze"
"AIZ","Assurant Inc","Common stocks","Mid cap","Financials","$6,665,213,083","2.17%","0.00","0.00","0.00","Analyze"
"DXC","DXC Technology Company","Common stocks","Mid cap","Information Technology","$6,363,604,068","0.00%","0.00","0.00","0.00","Analyze"
"GNRC","Generac Holdings Inc","Common stocks","Mid cap","Industrials","$6,226,033,625","0.00%","0.00","0.00","0.00","Analyze"
"NWL","Newell Brands Inc","Common stocks","Mid cap","Consumer Discretionary","$5,835,896,000","6.38%","0.00","0.00","0.00","Analyze"
"LUMN","CenturyLink, Inc.","Common stocks","Mid cap","Communication Services","$5,648,822,323","13.43%","0.00","0.00","0.00","Analyze"
"ALK","Alaska Air Group Inc","Common stocks","Mid cap","Industrials","$5,594,816,725","0.00%","0.00","0.00","0.00","Analyze"
"NCLH","Norwegian Cruise Line Holdings Ltd","Common stocks","Mid cap","Consumer Discretionary","$5,377,014,236","0.00%","0.00","0.00","0.00","Analyze"
"LNC","Lincoln National Corp","Common stocks","Mid cap","Financials","$5,272,753,858","5.70%","0.00","0.00","0.00","Analyze"
"VNO","Vornado Realty Trust","REITs","Mid cap","Real Estate","$4,173,931,044","9.45%","0.00","0.00","0.00","Analyze"
"TECH","Bio-Techne Corp","Common stocks","Mid cap","Health Care","$3,229,255,779","0.39%","0.00","0.00","0.00","Analyze"
"TAP","Molson Coors Brewing Class B","Common stocks","Small cap","Consumer Staples","$758,773,749","3.03%","0.00","0.00","0.00","Analyze"